,ETF価格,NAV(JPY換算),乖離率%
金1672,57540.0,61600.69584003449,-6.591964237838088
銀1673,6930.0,7293.770948188477,-4.987419412708936
白金1674,22910.0,22895.119892890627,0.06499248389607086
パラジウム1675,20690.0,20895.670872324827,-0.9842750375496508
貴金属1676,37100.0,39861.449637594,-6.927619699484362
